SET SCHEMA FN71949;
INSERT INTO PARKS(NAME, ADDRESS)
VALUES ('Sofia', 'Bulgaria, Sofia, bul.Bulgaria');

INSERT INTO PARKS(NAME, ADDRESS)
VALUES ('Plovdiv', 'Bulgaria, Plovdiv, bul. Nikola Vapcarov');

INSERT INTO PARKS(NAME, ADDRESS)
VALUES ('Montana', 'Bulgaria, Montana, bul. Montana');

INSERT INTO PARKS(NAME, ADDRESS)
VALUES ('Pleven', 'Bulgaria, Pleven, bul. Ruse');

INSERT INTO PARKS(NAME, ADDRESS)
VALUES ('Gabrovo', 'Bulgaria, Gabrovo, ul. Vasil Levski');

INSERT INTO ATTRACTIONS(NAME, PARK_NAME, TYPE, MINIMUM_AGE, DURATION, SPEED, DANGERS, MINIMUM_HEIGHT, WORK_TIME, HEIGHT, LENGTH, CONDITIONS)
VALUES('Splash Mountain', 'Sofia', 'CALM', 7, 5, 40, null, 100, '09:00 - 20:00', 20, 15, 'OPEN');

INSERT INTO ATTRACTIONS(NAME, PARK_NAME, TYPE, MINIMUM_AGE, DURATION, SPEED, DANGERS, MINIMUM_HEIGHT, WORK_TIME, HEIGHT, LENGTH, CONDITIONS)
VALUES('Pirates of Caribbean', 'Sofia', 'FAST', 16, 10, 90, 'Very fast', 140, '09:00 - 20:00', 50, 100, 'OPEN');

INSERT INTO ATTRACTIONS(NAME, PARK_NAME, TYPE, MINIMUM_AGE, DURATION, SPEED, DANGERS, MINIMUM_HEIGHT, WORK_TIME, HEIGHT, LENGTH, CONDITIONS)
VALUES('Tower of power', 'Sofia', 'WATER', 16, 1, 80, 'There is aquarium with sharks.', 120, '09:00 - 19:00', 28, 10, 'OPEN');

INSERT INTO ATTRACTIONS(NAME, PARK_NAME, TYPE, MINIMUM_AGE, DURATION, SPEED, DANGERS, MINIMUM_HEIGHT, WORK_TIME, HEIGHT, LENGTH, CONDITIONS)
VALUES ('Wave Palace', 'Montana', 'WATER', null, null, null, 'No dangers.', null, '08:00 - 20:00', null, 50, 'OPEN');

INSERT INTO ATTRACTIONS(NAME, PARK_NAME, TYPE, MINIMUM_AGE, DURATION, SPEED, DANGERS, MINIMUM_HEIGHT, WORK_TIME, HEIGHT, LENGTH, CONDITIONS)
VALUES('The Giant', 'Montana', 'WATER', 7, 3, 30, 'No dangers.', 110, '09:00 - 19:00', 20, 20, 'CLOSE');

INSERT INTO ATTRACTIONS(NAME, PARK_NAME, TYPE, MINIMUM_AGE, DURATION, SPEED, DANGERS, MINIMUM_HEIGHT, WORK_TIME, HEIGHT, LENGTH, CONDITIONS)
VALUES('Peter Pan Flight', 'Montana', 'DANGER', 14, 7, 30, 'You are in the air.', 120, '09:00 - 19:00', 10, 40, 'OPEN');

INSERT INTO ATTRACTIONS(NAME, PARK_NAME, TYPE, MINIMUM_AGE, DURATION, SPEED, DANGERS, MINIMUM_HEIGHT, WORK_TIME, HEIGHT, LENGTH, CONDITIONS)
VALUES('Indiana Jones Adventure', 'Montana', 'NOISY', 14, 3, 23, 'It is very noisy.', 120, '08:00 - 20:00', 12, 10, 'OPEN');

INSERT INTO ATTRACTIONS(NAME, PARK_NAME, TYPE, MINIMUM_AGE, DURATION, SPEED, DANGERS, MINIMUM_HEIGHT, WORK_TIME, HEIGHT, LENGTH, CONDITIONS)
VALUES('Autopia', 'Gabrovo', 'CHILD', null, 20, 5, null, null, '08:00 - 21:00', 3, null, 'OPEN');

INSERT INTO ATTRACTIONS(NAME, PARK_NAME, TYPE, MINIMUM_AGE, DURATION, SPEED, DANGERS, MINIMUM_HEIGHT, WORK_TIME, HEIGHT, LENGTH, CONDITIONS)
VALUES('Dragon', 'Gabrovo', 'FAST', 16, 6, 80, 'Very fast.', 130, '08:00 - 21:00', 20, 50, 'OPEN');

INSERT INTO ATTRACTIONS(NAME, PARK_NAME, TYPE, MINIMUM_AGE, DURATION, SPEED, DANGERS, MINIMUM_HEIGHT, WORK_TIME, HEIGHT, LENGTH, CONDITIONS)
VALUES ('Jungle Cruise', 'Gabrovo', 'CHILD', null, 15, 5, null, 80, '09:00 - 21:00', 5, 50, 'CLOSE');

INSERT INTO ATTRACTIONS(NAME, PARK_NAME, TYPE, MINIMUM_AGE, DURATION, SPEED, DANGERS, MINIMUM_HEIGHT, WORK_TIME, HEIGHT, LENGTH, CONDITIONS)
VALUES ('SuperSplash', 'Plovdiv', 'WATER', 14, 2, 80, 'Very fast, not for people with heart problems', 120, '09:00 - 20:00', 60, 50, 'OPEN');

INSERT INTO ATTRACTIONS(NAME, PARK_NAME, TYPE, MINIMUM_AGE, DURATION, SPEED, DANGERS, MINIMUM_HEIGHT, WORK_TIME, HEIGHT, LENGTH, CONDITIONS)
VALUES ('Silver Star', 'Plovdiv', 'FAST', 16, 4, 130, 'It has 180 degree return and 270 degree upwards turn.', 140, '09:00 - 21:00', 80, 67, 'OPEN');

INSERT INTO ATTRACTIONS(NAME, PARK_NAME, TYPE, MINIMUM_AGE, DURATION, SPEED, DANGERS, MINIMUM_HEIGHT, WORK_TIME, HEIGHT, LENGTH, CONDITIONS)
VALUES ('Finding Nemo', 'Plovdiv', 'CALM', null, 10, 30, 'No dangers.', 80, '08:00 - 21:00', 5, 40, 'CLOSE');

INSERT INTO ATTRACTIONS(NAME, PARK_NAME, TYPE, MINIMUM_AGE, DURATION, SPEED, DANGERS, MINIMUM_HEIGHT, WORK_TIME, HEIGHT, LENGTH, CONDITIONS)
VALUES ('Go Coaster', 'Plovdiv', 'DARK', 12, 4, 40, 'It is very dark.', null, '09:00 - 21:00', 15, 31, 'OPEN');

INSERT INTO ATTRACTIONS(NAME, PARK_NAME, TYPE, MINIMUM_AGE, DURATION, SPEED, DANGERS, MINIMUM_HEIGHT, WORK_TIME, HEIGHT, LENGTH, CONDITIONS)
VALUES ('Jungle Snake', 'Montana', 'DARK', 12, 2, 37, null, 100, '09:00 - 20:00', 18, 32, 'OPEN');

INSERT INTO ATTRACTIONS(NAME, PARK_NAME, TYPE, MINIMUM_AGE, DURATION, SPEED, DANGERS, MINIMUM_HEIGHT, WORK_TIME, HEIGHT, LENGTH, CONDITIONS)
VALUES ('Volcano', 'Pleven', 'CALM', null, 8, 20, 'No dangers.', 80, '09:00 - 21:00', 7, 24, 'CLOSE');

INSERT INTO ATTRACTIONS(NAME, PARK_NAME, TYPE, MINIMUM_AGE, DURATION, SPEED, DANGERS, MINIMUM_HEIGHT, WORK_TIME, HEIGHT, LENGTH, CONDITIONS)
VALUES ('AUTOPIA', 'Pleven', 'CHILD', null, 20, 5, null, null, '08:00 - 21:00', 3, null, 'OPEN');

INSERT INTO ATTRACTIONS(NAME, PARK_NAME, TYPE, MINIMUM_AGE, DURATION, SPEED, DANGERS, MINIMUM_HEIGHT, WORK_TIME, HEIGHT, LENGTH, CONDITIONS)
VALUES ('Golden Star', 'Pleven', 'FAST', 16, 4, 130, 'It has 180 degree return and 270 degree upwards turn.', 140, '09:00 - 21:00', 80, 67, 'OPEN');

INSERT INTO ATTRACTIONS(NAME, PARK_NAME, TYPE, MINIMUM_AGE, DURATION, SPEED, DANGERS, MINIMUM_HEIGHT, WORK_TIME, HEIGHT, LENGTH, CONDITIONS)
VALUES ('SNAKE', 'Pleven', 'CALM', null, 8, 20, 'No dangers.', 80, '09:00 - 21:00', 7, 24, 'OPEN');

INSERT INTO ATTRACTIONS(NAME, PARK_NAME, TYPE, MINIMUM_AGE, DURATION, SPEED, DANGERS, MINIMUM_HEIGHT, WORK_TIME, HEIGHT, LENGTH, CONDITIONS)
VALUES ('House of illusions', 'Gabrovo', 'DARK', 12, 8, 42, 'It is very dark.', 120, '09:00 - 21:00', 19, 33, 'OPEN');

INSERT INTO SUPPLIERS(WORK_NUMBER, NAME, EMAIL, PHONE_NUMBER)
VALUES ('0000000001', 'Stefan Petrov', 'stefan.petrov@gmail.com', '0898324565');

INSERT INTO SUPPLIERS(WORK_NUMBER, NAME, EMAIL, PHONE_NUMBER)
VALUES ('0000000002', 'Petar Stoyanov', 'peter.stoyanov@abv.bg', '0892123265');

INSERT INTO SUPPLIERS(WORK_NUMBER, NAME, EMAIL, PHONE_NUMBER)
VALUES ('0000000003', 'Cristian Todorov', 'christian.tr@abv.bg', '0893523161');

INSERT INTO SUPPLIERS(WORK_NUMBER, NAME, EMAIL, PHONE_NUMBER)
VALUES ('0000000004', 'Silvana Ivanova', 'silvana.ivanova@gmail.com', '0894328453');

INSERT INTO SUPPLIERS(WORK_NUMBER, NAME, EMAIL, PHONE_NUMBER)
VALUES ('0000003004', 'Cvetelina Kirilova', 'cvetelina.kirilova@gmail.com', '0892143425');

INSERT INTO SUPPLIERS(WORK_NUMBER, NAME, EMAIL, PHONE_NUMBER)
VALUES ('0001002002', 'Vasil Georgiev', 'vasil.georg@abv.bg', '0882226565');

INSERT INTO SHOPS(NAME, PARK_NAME, CONDITIONS)
VALUES ('Sofia', 'Sofia', 'OPEN');

INSERT INTO SHOPS(NAME, PARK_NAME, CONDITIONS)
VALUES ('Sofia, Center', 'Sofia', 'OPEN');

INSERT INTO SHOPS(NAME, PARK_NAME, CONDITIONS)
VALUES ('Sofia оutskirts', 'Sofia', 'CLOSE');

INSERT INTO SHOPS(NAME, PARK_NAME, CONDITIONS)
VALUES ('Gabrovo', 'Gabrovo', 'OPEN');

INSERT INTO SHOPS(NAME, PARK_NAME, CONDITIONS)
VALUES ('Gabrovo center', 'Gabrovo', 'CLOSE');

INSERT INTO SHOPS(NAME, PARK_NAME, CONDITIONS)
VALUES ('Montana center', 'Montana', 'OPEN');

INSERT INTO SHOPS(NAME, PARK_NAME, CONDITIONS)
VALUES ('Montana', 'Montana', 'OPEN');

INSERT INTO SHOPS(NAME, PARK_NAME, CONDITIONS)
VALUES ('Pleven', 'Pleven', 'OPEN');

INSERT INTO SHOPS(NAME, PARK_NAME, CONDITIONS)
VALUES ('Plovdiv', 'Plovdiv', 'OPEN');

INSERT INTO PRODUCTS(INVENTORY_NUMBER, SUPPLIER_WORK_NUMBER, SHOP_NAME, PRICE, PRODUCT_NAME, TYPE)
VALUES('0000000001', '0000000001', 'Sofia', 17.20, 'DRESS', 'CLOTHES');

INSERT INTO PRODUCTS(INVENTORY_NUMBER, SUPPLIER_WORK_NUMBER, SHOP_NAME, PRICE, PRODUCT_NAME, TYPE)
VALUES('0000000002', '0000000003', 'Montana', 34.50, 'JEANS', 'CLOTHES');

INSERT INTO PRODUCTS(INVENTORY_NUMBER, SUPPLIER_WORK_NUMBER, SHOP_NAME, PRICE, PRODUCT_NAME, TYPE)
VALUES ('0000000003', '0000000003', 'Sofia', 42.00, 'T-SHIRT', 'CLOTHES');

INSERT INTO PRODUCTS(INVENTORY_NUMBER, SUPPLIER_WORK_NUMBER, SHOP_NAME, PRICE, PRODUCT_NAME, TYPE)
VALUES ('0000000004', '0000003004', 'Gabrovo', 19.00, 'SWIMWEAR', 'CLOTHES');

INSERT INTO PRODUCTS(INVENTORY_NUMBER, SUPPLIER_WORK_NUMBER, SHOP_NAME, PRICE, PRODUCT_NAME, TYPE)
VALUES ('0000000005', '0000000001', 'Pleven', 39.50, 'DRESS', 'CLOTHES');

INSERT INTO PRODUCTS(INVENTORY_NUMBER, SUPPLIER_WORK_NUMBER, SHOP_NAME, PRICE, PRODUCT_NAME, TYPE)
VALUES ('0000000006', '0000000001', 'Sofia', 1.20, 'CANDIES', 'FOOD');

INSERT INTO PRODUCTS(INVENTORY_NUMBER, SUPPLIER_WORK_NUMBER, SHOP_NAME, PRICE, PRODUCT_NAME, TYPE)
VALUES ('0000000007', '0000003004', 'Plovdiv', 3.40, 'LOLLIPOP', 'FOOD');

INSERT INTO PRODUCTS(INVENTORY_NUMBER, SUPPLIER_WORK_NUMBER, SHOP_NAME, PRICE, PRODUCT_NAME, TYPE)
VALUES ('0000000008', '0000000003', 'Montana', 7.80, 'CHOCOLATE', 'FOOD');

INSERT INTO PRODUCTS(INVENTORY_NUMBER, SUPPLIER_WORK_NUMBER, SHOP_NAME, PRICE, PRODUCT_NAME, TYPE)
VALUES ('0000000009', '0001002002', 'Plovdiv', 3.80, 'CHOCOLATE', 'FOOD');

INSERT INTO PRODUCTS(INVENTORY_NUMBER, SUPPLIER_WORK_NUMBER, SHOP_NAME, PRICE, PRODUCT_NAME, TYPE)
VALUES ('0000000010', '0001002002', 'Montana', 2.80, 'SANDWICH', 'FOOD');

INSERT INTO PRODUCTS(INVENTORY_NUMBER, SUPPLIER_WORK_NUMBER, SHOP_NAME, PRICE, PRODUCT_NAME, TYPE)
VALUES ('0000000011', '0000000001', 'Gabrovo', 7.20, 'SANDWICH', 'FOOD');

INSERT INTO PRODUCTS(INVENTORY_NUMBER, SUPPLIER_WORK_NUMBER, SHOP_NAME, PRICE, PRODUCT_NAME, TYPE)
VALUES ('0000000012', '0000000001', 'Gabrovo', 1.20, 'MAGNET', 'OTHERS');

INSERT INTO PRODUCTS(INVENTORY_NUMBER, SUPPLIER_WORK_NUMBER, SHOP_NAME, PRICE, PRODUCT_NAME, TYPE)
VALUES ('0000000013', '0001002002', 'Montana', 4.50, 'MAGNET', 'OTHERS');

INSERT INTO PRODUCTS(INVENTORY_NUMBER, SUPPLIER_WORK_NUMBER, SHOP_NAME, PRICE, PRODUCT_NAME, TYPE)
VALUES ('0000000014', '0000003004', 'Plovdiv', 2.40, 'KEYCHAIN', 'OTHERS');

INSERT INTO PRODUCTS(INVENTORY_NUMBER, SUPPLIER_WORK_NUMBER, SHOP_NAME, PRICE, PRODUCT_NAME, TYPE)
VALUES ('0000000015', '0000000004', 'Pleven', 5.90, 'KEYCHAIN', 'OTHERS');

INSERT INTO PRODUCTS(INVENTORY_NUMBER, SUPPLIER_WORK_NUMBER, SHOP_NAME, PRICE, PRODUCT_NAME, TYPE)
VALUES ('0000000016', '0001002002', 'Sofia', 3.40, 'CARD', 'OTHERS');

INSERT INTO PRODUCTS(INVENTORY_NUMBER, SUPPLIER_WORK_NUMBER, SHOP_NAME, PRICE, PRODUCT_NAME, TYPE)
VALUES ('0000000017', '0000000003', 'Montana', 0.90, 'CARD', 'OTHERS');

INSERT INTO CLOTHES(INVENTORY_NUMBER, SIZE, GENDER, COLOR)
VALUES ('0000000001', 26, 'F', 'BLACK');

INSERT INTO CLOTHES(INVENTORY_NUMBER, SIZE, GENDER, COLOR)
VALUES ('0000000002', 32, 'M', 'BLUE');

INSERT INTO CLOTHES(INVENTORY_NUMBER, SIZE, GENDER, COLOR)
VALUES ('0000000003', 28, 'F', 'WHITE');

INSERT INTO CLOTHES(INVENTORY_NUMBER, SIZE, GENDER, COLOR)
VALUES ('0000000004', 36, 'M', 'BLACK');

INSERT INTO CLOTHES(INVENTORY_NUMBER, SIZE, GENDER, COLOR)
VALUES ('0000000005', 44, 'F', 'RED');

INSERT INTO FOOD(INVENTORY_NUMBER, EXPIRY_DATE)
VALUES ('0000000006', '2023-03-01');

INSERT INTO FOOD(INVENTORY_NUMBER, EXPIRY_DATE)
VALUES ('0000000007', '2023-02-07');

INSERT INTO FOOD(INVENTORY_NUMBER, EXPIRY_DATE)
VALUES ('0000000008', '2024-01-17');

INSERT INTO FOOD(INVENTORY_NUMBER, EXPIRY_DATE)
VALUES ('0000000009', '2022-10-21');

INSERT INTO FOOD(INVENTORY_NUMBER, EXPIRY_DATE)
VALUES ('0000000010', '2021-12-31');

INSERT INTO FOOD(INVENTORY_NUMBER, EXPIRY_DATE)
VALUES ('0000000011', '2022-02-25');

INSERT INTO OTHERS(INVENTORY_NUMBER, SIZE, MATERIAL)
VALUES ('0000000012', 3, 'MAGNET');

INSERT INTO OTHERS(INVENTORY_NUMBER, SIZE, MATERIAL)
VALUES ('0000000013', 3, 'MAGNET');

INSERT INTO OTHERS(INVENTORY_NUMBER, SIZE, MATERIAL)
VALUES ('0000000014', 2, 'METAL');

INSERT INTO OTHERS(INVENTORY_NUMBER, SIZE, MATERIAL)
VALUES ('0000000015', 2, 'METAL');

INSERT INTO OTHERS(INVENTORY_NUMBER, SIZE, MATERIAL)
VALUES ('0000000016', 7, 'PAPER');

INSERT INTO OTHERS(INVENTORY_NUMBER, SIZE, MATERIAL)
VALUES ('0000000017', 10, 'PAPER');

INSERT INTO VISITORS(UNIQUE_NUMBER, HEIGHT, AGE, NAME, EMAIL, PHONE_NUMBER)
VALUES ('0000000001', 170, 25, 'Petar Todorov', 'peter.todorov@gmail.com', '0894325491');

INSERT INTO VISITORS(UNIQUE_NUMBER, HEIGHT, AGE, NAME, EMAIL, PHONE_NUMBER)
VALUES ('0000000002', 120, 12, 'Christian Ivanov', 'christian.ivanov@gmail.com', '0894223442');

INSERT INTO VISITORS(UNIQUE_NUMBER, HEIGHT, AGE, NAME, EMAIL, PHONE_NUMBER)
VALUES ('0000000003', 90, 4, 'Kaloian Georgiev', 'kaloian.g@gmail.com', '0894331519');

INSERT INTO VISITORS(UNIQUE_NUMBER, HEIGHT, AGE, NAME, EMAIL, PHONE_NUMBER)
VALUES ('0000000004', 192, 32, 'Kamelia Gerasimova', 'kamelia.gerasimova@gmail.com', '0892524431');

INSERT INTO VISITORS(UNIQUE_NUMBER, HEIGHT, AGE, NAME, EMAIL, PHONE_NUMBER)
VALUES ('0000000005', 132, 27, 'Nikola Kolev', 'nikola.kolev@gmail.com', '0892343472');

INSERT INTO VISITORS(UNIQUE_NUMBER, HEIGHT, AGE, NAME, EMAIL, PHONE_NUMBER)
VALUES ('0000000006', 125, 17, 'Ivan Stoyanov', 'ivan.stoyanov@gmail.com', '0881335821');

INSERT INTO VISITORS(UNIQUE_NUMBER, HEIGHT, AGE, NAME, EMAIL, PHONE_NUMBER)
VALUES ('0000000007', 169, 22, 'Christina Emilova', 'chr.emilova@abv.bg', '0884337700');

INSERT INTO VISITORS(UNIQUE_NUMBER, HEIGHT, AGE, NAME, EMAIL, PHONE_NUMBER)
VALUES ('0000000008', 154, 48, 'Ilian Atanasov', 'ilian.at@gmail.com', '0872415391');

INSERT INTO VISITORS(UNIQUE_NUMBER, HEIGHT, AGE, NAME, EMAIL, PHONE_NUMBER)
VALUES ('0000000009', 143, 21, 'Zornitsa Ilianova', 'zornitsa.il@abv.bg', '0884227482');

INSERT INTO VISITORS(UNIQUE_NUMBER, HEIGHT, AGE, NAME, EMAIL, PHONE_NUMBER)
VALUES ('0000000010', 10, 25, 'Nikol Stoeva', 'nikol.st@gmail.com', '0894422686');

INSERT INTO TICKETS(UNIQUE_NUMBER, PARK_NAME, TYPE, NUMBER_OF_VISITORS, PRICE)
VALUES ('0000000001', 'Sofia', 'ONE_DAY', 1, 40.00);

INSERT INTO TICKETS(UNIQUE_NUMBER, PARK_NAME, TYPE, NUMBER_OF_VISITORS, PRICE)
VALUES ('0000000002', 'Sofia', 'TWO_DAYS', 1, 60.00);

INSERT INTO TICKETS(UNIQUE_NUMBER, PARK_NAME, TYPE, NUMBER_OF_VISITORS, PRICE)
VALUES ('0000000003', 'Montana', 'WEEKLY', 3, 120.00);

INSERT INTO TICKETS(UNIQUE_NUMBER, PARK_NAME, TYPE, NUMBER_OF_VISITORS, PRICE)
VALUES ('0000000004', 'Gabrovo', 'FAMILY', 4, 100.00);

INSERT INTO TICKETS(UNIQUE_NUMBER, PARK_NAME, TYPE, NUMBER_OF_VISITORS, PRICE)
VALUES ('0000000005', 'Gabrovo', 'CHILD', 1, 15.00);

INSERT INTO TICKETS(UNIQUE_NUMBER, PARK_NAME, TYPE, NUMBER_OF_VISITORS, PRICE)
VALUES ('0000000006', 'Plovdiv', 'TWO_DAYS', 2, 90.00);

INSERT INTO TICKETS(UNIQUE_NUMBER, PARK_NAME, TYPE, NUMBER_OF_VISITORS, PRICE)
VALUES ('0000000007', 'Pleven', 'COMBO', 1, 65.00);

INSERT INTO TICKETS(UNIQUE_NUMBER, PARK_NAME, TYPE, NUMBER_OF_VISITORS, PRICE)
VALUES ('0000000008', 'Plovdiv', 'ONE_DAY', 2, 50.00);

INSERT INTO TICKETS(UNIQUE_NUMBER, PARK_NAME, TYPE, NUMBER_OF_VISITORS, PRICE)
VALUES ('0000000009', 'Sofia', 'FAMILY', 4, 100.00);

INSERT INTO TICKETS(UNIQUE_NUMBER, PARK_NAME, TYPE, NUMBER_OF_VISITORS, PRICE)
VALUES ('0000000010', 'Gabrovo', 'ONE_DAY', 1, 75.00);

INSERT INTO EMPLOYEES(WORK_NUMBER, PARK_NAME, SHOP_NAME, EMAIL, PHONE_NUMBER, EMPLOYEE_NAME)
VALUES ('0000000001','Sofia', 'Sofia, Center', 'st.petrov@abv.bg', '0897324592', 'Stefan Petrov');

INSERT INTO EMPLOYEES(WORK_NUMBER, PARK_NAME, SHOP_NAME, EMAIL, PHONE_NUMBER, EMPLOYEE_NAME)
VALUES ('0000000002', 'Sofia', 'Sofia оutskirts', 'ivan.petrov@gmail.com', '0898213582', 'Ivan Petrov');

INSERT INTO EMPLOYEES(WORK_NUMBER, PARK_NAME, SHOP_NAME, EMAIL, PHONE_NUMBER, EMPLOYEE_NAME)
VALUES ('0000000003','Gabrovo', 'Gabrovo center', 'cv.stoyanova1@abv.bg', '0889229522', 'Cvetelina Stoyanova');

INSERT INTO EMPLOYEES(WORK_NUMBER, PARK_NAME, SHOP_NAME, EMAIL, PHONE_NUMBER, EMPLOYEE_NAME)
VALUES ('0000000004','Montana', 'Montana center', 'cristina.petrova@abv.bg', '0895324191', 'Christina Petrova');

INSERT INTO EMPLOYEES(WORK_NUMBER, PARK_NAME, SHOP_NAME, EMAIL, PHONE_NUMBER, EMPLOYEE_NAME)
VALUES ('0000000005','Pleven', 'Pleven', 'yana.ivanova@abv.bg', '0891336791', 'Yana Ivanova');

INSERT INTO EMPLOYEES(WORK_NUMBER, PARK_NAME, SHOP_NAME, EMAIL, PHONE_NUMBER, EMPLOYEE_NAME)
VALUES ('0000000006','Plovdiv', 'Plovdiv', 'iliana.georgieva@abv.bg', '0892311511', 'Iliana Georgieva');

INSERT INTO EMPLOYEES(WORK_NUMBER, PARK_NAME, SHOP_NAME, EMAIL, PHONE_NUMBER, EMPLOYEE_NAME)
VALUES ('0000000007','Plovdiv', 'Plovdiv', 'ilian.ivanov@abv.bg', '0892326616', 'Ilian Ivanov');

INSERT INTO EMPLOYEES(WORK_NUMBER, PARK_NAME, SHOP_NAME, EMAIL, PHONE_NUMBER, EMPLOYEE_NAME)
VALUES ('0000000008','Gabrovo', 'Gabrovo', 'kiril.kolev@abv.bg', '0892867641', 'Kiril Kolev');

INSERT INTO EMPLOYEES(WORK_NUMBER, PARK_NAME, SHOP_NAME, EMAIL, PHONE_NUMBER, EMPLOYEE_NAME)
VALUES ('0000000009','Montana', 'Montana', 'bobi.todorova@abv.bg', '0895313771', 'Borislava Todorova');

INSERT INTO EMPLOYEES(WORK_NUMBER, PARK_NAME, SHOP_NAME, EMAIL, PHONE_NUMBER, EMPLOYEE_NAME)
VALUES ('0000000010','Sofia', 'Sofia', 'dimitar.dimitrov@gmail.com', '0895211363', 'Dimitar Dimitrov');

INSERT INTO GETS_ON(ATTRACTION_NAME, VISITORS_UNIQUE_NUMBER)
VALUES ('Splash Mountain', '0000000001');

INSERT INTO GETS_ON(ATTRACTION_NAME, VISITORS_UNIQUE_NUMBER)
VALUES ('Tower of power', '0000000001');

INSERT INTO GETS_ON(ATTRACTION_NAME, VISITORS_UNIQUE_NUMBER)
VALUES ('Volcano', '0000000001');

INSERT INTO GETS_ON(ATTRACTION_NAME, VISITORS_UNIQUE_NUMBER)
VALUES ('AUTOPIA', '0000000001');

INSERT INTO GETS_ON(ATTRACTION_NAME, VISITORS_UNIQUE_NUMBER)
VALUES ('Dragon', '0000000001');

INSERT INTO GETS_ON(ATTRACTION_NAME, VISITORS_UNIQUE_NUMBER)
VALUES ('SuperSplash', '0000000001');

INSERT INTO GETS_ON(ATTRACTION_NAME, VISITORS_UNIQUE_NUMBER)
VALUES ('Pirates of Caribbean', '0000000002');

INSERT INTO GETS_ON(ATTRACTION_NAME, VISITORS_UNIQUE_NUMBER)
VALUES ('Peter Pan Flight', '0000000001');

INSERT INTO GETS_ON(ATTRACTION_NAME, VISITORS_UNIQUE_NUMBER)
VALUES ('Silver Star', '0000000002');

INSERT INTO GETS_ON(ATTRACTION_NAME, VISITORS_UNIQUE_NUMBER)
VALUES ('Golden Star', '0000000002');

INSERT INTO GETS_ON(ATTRACTION_NAME, VISITORS_UNIQUE_NUMBER)
VALUES ('Jungle Snake', '0000000002');

INSERT INTO GETS_ON(ATTRACTION_NAME, VISITORS_UNIQUE_NUMBER)
VALUES ('Indiana Jones Adventure', '0000000002');

INSERT INTO GETS_ON(ATTRACTION_NAME, VISITORS_UNIQUE_NUMBER)
VALUES ('Tower of power', '0000000003');

INSERT INTO GETS_ON(ATTRACTION_NAME, VISITORS_UNIQUE_NUMBER)
VALUES ('SNAKE', '0000000003');

INSERT INTO GETS_ON(ATTRACTION_NAME, VISITORS_UNIQUE_NUMBER)
VALUES ('Golden Star', '0000000003');

INSERT INTO GETS_ON(ATTRACTION_NAME, VISITORS_UNIQUE_NUMBER)
VALUES ('Pirates of Caribbean', '0000000004');

INSERT INTO GETS_ON(ATTRACTION_NAME, VISITORS_UNIQUE_NUMBER)
VALUES ('The Giant', '0000000004');

INSERT INTO GETS_ON(ATTRACTION_NAME, VISITORS_UNIQUE_NUMBER)
VALUES ('Wave Palace', '0000000004');

INSERT INTO GETS_ON(ATTRACTION_NAME, VISITORS_UNIQUE_NUMBER)
VALUES ('Pirates of Caribbean', '0000000005');

INSERT INTO GETS_ON(ATTRACTION_NAME, VISITORS_UNIQUE_NUMBER)
VALUES ('Volcano', '0000000005');

INSERT INTO GETS_ON(ATTRACTION_NAME, VISITORS_UNIQUE_NUMBER)
VALUES ('Wave Palace', '0000000005');

INSERT INTO GETS_ON(ATTRACTION_NAME, VISITORS_UNIQUE_NUMBER)
VALUES ('Tower of power', '0000000005');

INSERT INTO GETS_ON(ATTRACTION_NAME, VISITORS_UNIQUE_NUMBER)
VALUES ('Jungle Snake', '0000000006');

INSERT INTO GETS_ON(ATTRACTION_NAME, VISITORS_UNIQUE_NUMBER)
VALUES ('Pirates of Caribbean', '0000000006');

INSERT INTO GETS_ON(ATTRACTION_NAME, VISITORS_UNIQUE_NUMBER)
VALUES ('House of illusions', '0000000006');

INSERT INTO GETS_ON(ATTRACTION_NAME, VISITORS_UNIQUE_NUMBER)
VALUES ('Golden Star', '0000000006');

INSERT INTO GETS_ON(ATTRACTION_NAME, VISITORS_UNIQUE_NUMBER)
VALUES ('Golden Star', '0000000007');

INSERT INTO GETS_ON(ATTRACTION_NAME, VISITORS_UNIQUE_NUMBER)
VALUES ('Jungle Snake', '0000000007');

INSERT INTO GETS_ON(ATTRACTION_NAME, VISITORS_UNIQUE_NUMBER)
VALUES ('Peter Pan Flight', '0000000007');

INSERT INTO GETS_ON(ATTRACTION_NAME, VISITORS_UNIQUE_NUMBER)
VALUES ('The Giant', '0000000007');

INSERT INTO GETS_ON(ATTRACTION_NAME, VISITORS_UNIQUE_NUMBER)
VALUES ('Wave Palace', '0000000008');

INSERT INTO GETS_ON(ATTRACTION_NAME, VISITORS_UNIQUE_NUMBER)
VALUES ('Volcano', '0000000008');

INSERT INTO GETS_ON(ATTRACTION_NAME, VISITORS_UNIQUE_NUMBER)
VALUES ('House of illusions', '0000000008');

INSERT INTO GETS_ON(ATTRACTION_NAME, VISITORS_UNIQUE_NUMBER)
VALUES ('Jungle Snake', '0000000009');

INSERT INTO GETS_ON(ATTRACTION_NAME, VISITORS_UNIQUE_NUMBER)
VALUES ('Golden Star', '0000000009');

INSERT INTO GETS_ON(ATTRACTION_NAME, VISITORS_UNIQUE_NUMBER)
VALUES ('SNAKE', '0000000009');

INSERT INTO GETS_ON(ATTRACTION_NAME, VISITORS_UNIQUE_NUMBER)
VALUES ('Silver Star', '0000000009');

INSERT INTO GETS_ON(ATTRACTION_NAME, VISITORS_UNIQUE_NUMBER)
VALUES ('Splash Mountain', '0000000010');

INSERT INTO GETS_ON(ATTRACTION_NAME, VISITORS_UNIQUE_NUMBER)
VALUES ('Go Coaster', '0000000010');

INSERT INTO GETS_ON(ATTRACTION_NAME, VISITORS_UNIQUE_NUMBER)
VALUES ('Pink Star', '0000000010');

INSERT INTO GETS_ON(ATTRACTION_NAME, VISITORS_UNIQUE_NUMBER)
VALUES ('Indiana Jones Adventure', '0000000010');

INSERT INTO GOES_TO(PARKS_NAME, VISITORS_UNIQUE_NUMBER, FROM_DATE, TO_DATE, DURATION)
VALUES ('Sofia', '0000000001', '2020-02-01', '2020-02-01', 1);

INSERT INTO GOES_TO(PARKS_NAME, VISITORS_UNIQUE_NUMBER, FROM_DATE, TO_DATE, DURATION)
VALUES ('Sofia', '0000000001', '2020-09-01', '2020-09-02', 2);

INSERT INTO GOES_TO(PARKS_NAME, VISITORS_UNIQUE_NUMBER, FROM_DATE, TO_DATE, DURATION)
VALUES ('Montana', '0000000002', '2020-01-31', '2020-01-31', 1);

INSERT INTO GOES_TO(PARKS_NAME, VISITORS_UNIQUE_NUMBER, FROM_DATE, TO_DATE, DURATION)
VALUES ('Gabrovo', '0000000003', '2021-02-11', '2021-02-11', 1);

INSERT INTO GOES_TO(PARKS_NAME, VISITORS_UNIQUE_NUMBER, FROM_DATE, TO_DATE, DURATION)
VALUES ('Plovdiv', '0000000004', '2019-06-11', '2020-06-11', 1);

INSERT INTO GOES_TO(PARKS_NAME, VISITORS_UNIQUE_NUMBER, FROM_DATE, TO_DATE, DURATION)
VALUES ('Pleven', '0000000005', '2018-02-17', '2018-02-18', 2);

INSERT INTO GOES_TO(PARKS_NAME, VISITORS_UNIQUE_NUMBER, FROM_DATE, TO_DATE, DURATION)
VALUES ('Sofia', '0000000006', '2020-12-01', '2020-12-08', 7);

INSERT INTO GOES_TO(PARKS_NAME, VISITORS_UNIQUE_NUMBER, FROM_DATE, TO_DATE, DURATION)
VALUES ('Montana', '0000000007', '2020-04-16', '2020-04-16', 1);

INSERT INTO GOES_TO(PARKS_NAME, VISITORS_UNIQUE_NUMBER, FROM_DATE, TO_DATE, DURATION)
VALUES ('Sofia', '0000000008', '2021-06-11', '2020-06-13', 3);

INSERT INTO GOES_TO(PARKS_NAME, VISITORS_UNIQUE_NUMBER, FROM_DATE, TO_DATE, DURATION)
VALUES ('Plovdiv', '0000000009', '2021-05-12', '2020-05-12', 1);

INSERT INTO GOES_TO(PARKS_NAME, VISITORS_UNIQUE_NUMBER, FROM_DATE, TO_DATE, DURATION)
VALUES ('Sofia', '0000000010', '2020-02-01', '2020-02-03', 3);

INSERT INTO OWNS(VISITORS_UNIQUE_NUMBER, TICKETS_UNIQUE_NUMBER)
VALUES ('0000000001', '0000000003');

INSERT INTO OWNS(VISITORS_UNIQUE_NUMBER, TICKETS_UNIQUE_NUMBER)
VALUES ('0000000002', '0000000005');

INSERT INTO OWNS(VISITORS_UNIQUE_NUMBER, TICKETS_UNIQUE_NUMBER)
VALUES ('0000000003', '0000000002');

INSERT INTO OWNS(VISITORS_UNIQUE_NUMBER, TICKETS_UNIQUE_NUMBER)
VALUES ('0000000004', '0000000001');

INSERT INTO OWNS(VISITORS_UNIQUE_NUMBER, TICKETS_UNIQUE_NUMBER)
VALUES ('0000000005', '0000000006');

INSERT INTO OWNS(VISITORS_UNIQUE_NUMBER, TICKETS_UNIQUE_NUMBER)
VALUES ('0000000006', '0000000004');

INSERT INTO OWNS(VISITORS_UNIQUE_NUMBER, TICKETS_UNIQUE_NUMBER)
VALUES ('0000000007', '0000000007');

INSERT INTO OWNS(VISITORS_UNIQUE_NUMBER, TICKETS_UNIQUE_NUMBER)
VALUES ('0000000008', '0000000008');

INSERT INTO OWNS(VISITORS_UNIQUE_NUMBER, TICKETS_UNIQUE_NUMBER)
VALUES ('0000000009', '0000000009');

INSERT INTO OWNS(VISITORS_UNIQUE_NUMBER, TICKETS_UNIQUE_NUMBER)
VALUES ('0000000010', '0000000010');